algorithm,input,n,time_ms,max_depth,comparisons
MergeSort,random,1000,0.135,7,10473
QuickSort,random,1000,0.111,6,10861
Select,random,1000,0.137,8,7370
MergeSort,sorted,1000,0.026,7,3956
QuickSort,sorted,1000,0.039,7,10951
Select,sorted,1000,0.031,9,6238
MergeSort,reverse,1000,0.044,7,10300
QuickSort,reverse,1000,0.038,6,11597
Select,reverse,1000,0.086,8,7347
MergeSort,duplicates,1000,0.047,7,9697
QuickSort,duplicates,1000,0.014,3,3365
Select,duplicates,1000,0.080,5,3109
ClosestPair,random,1000,1.391,10,1117
MergeSort,random,5000,0.711,10,58328
QuickSort,random,5000,0.343,8,69363
Select,random,5000,0.153,11,39448
MergeSort,sorted,5000,0.224,10,27124
QuickSort,sorted,5000,0.228,7,74336
Select,sorted,5000,0.133,11,33652
MergeSort,reverse,5000,0.091,10,44324
QuickSort,reverse,5000,0.201,8,67023
Select,reverse,5000,0.054,10,38591
MergeSort,duplicates,5000,0.099,10,56097
QuickSort,duplicates,5000,0.067,3,15950
Select,duplicates,5000,0.030,6,15708
ClosestPair,random,5000,2.581,12,6434
MergeSort,random,10000,0.513,11,126943
QuickSort,random,10000,0.715,9,153661
Select,random,10000,0.183,12,83380
MergeSort,sorted,10000,0.132,11,59248
QuickSort,sorted,10000,0.419,8,148269
Select,sorted,10000,0.106,12,68030
MergeSort,reverse,10000,0.173,11,93648
QuickSort,reverse,10000,0.446,8,146751
Select,reverse,10000,0.112,12,78172
MergeSort,duplicates,10000,0.247,11,121530
QuickSort,duplicates,10000,0.138,3,32178
Select,duplicates,10000,0.059,6,30901
ClosestPair,random,10000,6.050,13,12891
MergeSort,random,50000,3.503,13,770579
QuickSort,random,50000,4.059,9,947521
Select,random,50000,1.382,14,409702
MergeSort,sorted,50000,1.113,13,347008
QuickSort,sorted,50000,2.395,10,919188
Select,sorted,50000,0.635,15,352416
MergeSort,reverse,50000,1.328,13,579408
QuickSort,reverse,50000,2.396,10,925647
Select,reverse,50000,0.689,14,399333
MergeSort,duplicates,50000,2.037,13,733729
QuickSort,duplicates,50000,0.693,3,180306
Select,duplicates,50000,0.536,7,154420
ClosestPair,random,50000,27.542,16,70946
MergeSort,random,100000,8.146,14,1639411
QuickSort,random,100000,8.406,11,2038075
Select,random,100000,2.761,15,828092
MergeSort,sorted,100000,2.295,14,744016
QuickSort,sorted,100000,4.799,10,1962413
Select,sorted,100000,1.239,16,709499
MergeSort,reverse,100000,2.734,14,1208816
QuickSort,reverse,100000,5.003,10,2015719
Select,reverse,100000,1.470,15,798554
MergeSort,duplicates,100000,4.180,14,1562046
QuickSort,duplicates,100000,1.324,3,310026
Select,duplicates,100000,1.317,9,350586
ClosestPair,random,100000,39.775,17,142752
MergeSort,random,500000,46.831,16,9612738
QuickSort,random,500000,46.650,12,11064804
Select,random,500000,14.509,17,4234652
MergeSort,sorted,500000,13.269,16,4226160
QuickSort,sorted,500000,26.731,12,12013809
Select,sorted,500000,6.510,18,3588193
MergeSort,reverse,500000,15.943,16,7308912
QuickSort,reverse,500000,26.819,12,11484104
Select,reverse,500000,6.993,17,4048502
MergeSort,duplicates,500000,22.575,16,9127478
QuickSort,duplicates,500000,6.791,3,1800894
Select,duplicates,500000,6.970,10,1734078
ClosestPair,random,500000,218.269,19,608180
